participant,task_id,n_explorations,total_duration_s,tonic_mean_uS,tonic_slope,scr_count,scr_rate,scr_amp_mean,scr_amp_sum,bc_mean_uS,tonic_mean_uS_z,tonic_slope_z,scr_count_z,scr_rate_z,scr_amp_mean_z,scr_amp_sum_z,bc_mean_uS_z
P01,task1_5_2,2,281.34,10.418,0.001397,21,0.0746,0.6995,14.6901,1.4364,-1.252951833,0.8711703818,2.550478487,0.7127767945,-0.202556944,2.039526641,1.500278234
P01,task1_6_2,1,79.34,12.7825,0.000367,8,0.1008,0.515,4.12,0.4225,0.4765873935,0.4552805147,0.2008250777,1.724653785,-0.589339149,-0.2979414324,0.1983354357
P01,task2_2_1,1,93.88,14.1889,-0.00075,6,0.0639,0.5742,3.4451,-0.4875,1.505313961,0.004262086016,-0.1606600622,0.2995293212,-0.4652334225,-0.4471885732,-0.9701900072
P01,task2_5_1,1,235.01,13.9006,-0.001316,4,0.017,0.8199,3.2796,-0.668,1.294433792,-0.2242754526,-0.522145202,-1.511807735,0.04984727002,-0.483787183,-1.201968955
P01,task3_4_2,1,209.33,12.4555,-0.003043,5,0.0239,0.8633,4.3167,-0.6586,0.237399689,-0.9215975889,-0.3414026321,-1.245321046,0.1408301844,-0.2544432659,-1.189898472
P01,task3_8_2,1,82.85,11.0157,0.003341,6,0.0724,1.7804,10.6824,0.8227,-0.8157576715,1.656112034,-0.1606600622,0.6278100243,2.063420755,1.153265319,0.7122298118
P01,task3_8_3,1,99.51,10.7269,-0.00015,5,0.0502,0.3282,1.6412,1.1807,-1.027003571,0.246528028,-0.3414026321,-0.2295819296,-0.9809430292,-0.8461023637,1.171935426
P01,task3_10_1,1,43.16,11.2357,-0.001466,2,0.0463,0.2974,0.5948,0.2118,-0.6548362801,-0.2848419381,-0.8836303419,-0.3802048404,-1.045511549,-1.077502879,-0.07222314764
P02,task1_5_2,1,258.23,4.0519,-0.001072,13,0.0503,0.5676,7.3792,0.2162,-1.843343686,-1.28078219,-0.1123666437,-0.05495181754,-0.7214838092,-0.5663235047,0.8633448024
P02,task1_6_2,1,213.27,7.0169,-0.000999,21,0.0985,0.8901,18.6928,-0.2701,-0.339735909,-1.10933274,0.7865665062,1.503093833,-0.1157341798,0.1736085056,0.3359460367
P02,task2_2_1,2,463.16,8.1131,3.30E-05,22,0.0475,1.1904,26.1879,-1.1855,0.2161679174,1.314445781,0.89893315,-0.1454606935,0.4483173355,0.6638029982,-0.65681734
P02,task2_5_1,1,740.26,9.2883,-0.000348,21,0.0284,1.9119,40.1493,-2.1258,0.8121341432,0.4196205708,0.7865665062,-0.7628605259,1.803506041,1.576906411,-1.676585095
P02,task3_8_3,1,78.03,8.3554,-0.000357,1,0.0128,0.6162,0.6162,-0.3871,0.3390428463,0.3984829674,-1.460766369,-1.267124263,-0.6301987488,-1.008637197,0.2090579931
P02,task3_10_1,1,80.58,9.2954,-0.000417,6,0.0745,0.5341,3.2045,0.2731,0.8157346879,0.2575656116,-0.89893315,0.7273034675,-0.784406639,-0.8393572131,0.925053603
P03,task1_5_2,2,325.48,4.4615,-5.00E-05,22,0.0676,0.6061,13.335,-0.2247,-1.123538468,0.8391638131,1.174175679,-0.01917479787,-0.2643287479,1.003156558,0.7544675046
P03,task1_6_2,1,87.54,4.5875,-0.003361,8,0.0914,0.5305,4.2441,-0.872,-0.9379440591,-0.1368685701,-0.715302425,1.406950794,-0.442163164,-0.8770678319,0.2565963281
P03,task2_5_1,1,281.82,6.051,-0.001445,19,0.0674,0.639,12.141,-1.9955,1.217749724,0.4279390549,0.7692875137,-0.03115904654,-0.1869378446,0.7562076394,-0.607544359
P03,task2_2_1,1,184.22,4.9894,-0.00289,11,0.0597,0.4464,4.9109,-3.2849,-0.3459568151,0.001975057979,-0.3104142599,-0.4925526202,-0.6399921904,-0.7391569954,-1.599287129
P03,task3_3_1,1,46,6.0836,-0.011877,4,0.087,1.1596,4.6386,-0.8799,1.265768595,-2.647255696,-1.255153312,1.143297323,1.037673227,-0.7954754129,0.2505200385
P03,task3_4_2,1,365.6,4.9727,-0.001212,24,0.0656,0.3752,9.0058,-3.0218,-0.3705554391,0.4966239069,1.444101122,-0.1390172845,-0.8074764553,0.1077702453,-1.396923609
P03,task3_8_2,2,237.48,4.6679,-0.001204,21,0.0884,0.5057,10.6194,-1.5561,-0.8195171509,0.4989821851,1.039212957,1.227187064,-0.5005003799,0.4415028872,-0.2695795901
P03,task3_8_3,1,162.13,6.3353,-0.002769,10,0.0617,1.7567,17.5672,1.0282,1.636515521,0.0376440155,-0.4453769816,-0.3727101336,2.442235792,1.878480856,1.718136278
P03,task3_10_1,1,122.73,4.9644,-0.003729,6,0.0489,0.4693,2.8159,-0.6214,-0.3827811025,-0.2453493665,-0.9852278684,-1.139702048,-0.586124358,-1.172455139,0.4493454658
P04,task1_5_2,1,485.52,8.8207,0.000759,41,0.0844,1.1119,45.5892,0.2076,-1.352540018,1.388022315,0.2421046828,1.74390842,-1.404988921,-0.9725259172,1.396021721
P04,task1_6_2,1,1013.63,11.145,0.00012,55,0.0543,2.2997,126.4813,0.4088,1.151697726,0.8429174026,0.9515277069,-0.7192031076,-0.3859017424,0.8758628315,1.557416873
P04,task2_2_1,1,729.34,11.0729,-0.000146,55,0.0754,1.5679,86.2353,-2.189,1.074016041,0.6160036207,0.9515277069,1.00742989,-1.013758281,-0.04376038983,-0.5264416101
P04,task2_5_1,1,1131.73,10.8391,1.20E-05,67,0.0592,1.8197,121.9198,-2.3563,0.8221162064,0.7507869949,1.559604585,-0.3182314635,-0.7977234679,0.771632316,-0.6606434441
P04,task3_3_1,1,425.42,10.9355,-0.000618,22,0.0517,3.3781,74.3171,-0.9697,0.9259790978,0.2133596169,-0.720683707,-0.9319635718,0.539324401,-0.316091888,0.451635474
P04,task3_4_2,2,598.13,9.4402,-0.001224,37,0.0619,4.5253,167.4347,-2.2136,-0.6850808769,-0.3035943372,0.03941239023,-0.09728790457,1.523578325,1.81165018,-0.5461748147
P04,task3_8_2,1,320.8,8.9796,-0.002203,17,0.053,3.6003,61.2046,-3.3913,-1.181338634,-1.138739421,-0.9740490728,-0.8255833397,0.7299635414,-0.6157132041,-1.490881927
P04,task3_8_3,2,278.35,9.6685,-0.001905,21,0.0754,3.9304,82.5384,-1.2814,-0.4391068301,-0.884527741,-0.7713567802,1.00742989,1.013176774,-0.1282347497,0.2016013338
P04,task3_10_1,1,209.72,9.783,-0.002608,11,0.0525,2.5121,27.6333,-2.0096,-0.3157427111,-1.48422845,-1.278087512,-0.8664988136,-0.2036706288,-1.382819179,-0.3825336065
P05,task1_5_2,3,690.69,15.391,0.000534,50,0.0724,2.5502,127.5097,0.9938,-1.535750719,0.7170443003,0.3908308465,0.892176705,0.414552517,0.6155894381,1.305883427
P05,task1_6_2,1,398.32,19.1678,-1.10E-05,26,0.0653,2.646,68.7969,-1.2307,0.4257722148,0.2458734013,-0.753064314,-0.5092513051,0.5435112491,-0.5303733754,-0.6546074034
P05,task2_2_1,1,675.76,20.0496,0.000275,48,0.071,3.0677,147.2485,0.4486,0.8837448167,0.4931300565,0.2955062498,0.6158387875,1.111171973,1.000853482,0.825389113
P05,task2_5_1,1,978.66,19.6665,5.40E-05,69,0.0705,1.6819,116.05,-1.0789,0.6847775863,0.3020680956,1.296414515,0.5171466742,-0.7542874314,0.3919177676,-0.5208234034
P06,task1_5_2,1,252.44,3.4321,-0.000683,7,0.0277,1.2211,8.5477,-1.123,-0.636620761,0.449707706,-0.4848825746,-1.154320875,0.01351462616,-0.1740649408,-0.02361248525
P06,task1_6_2,2,279.36,2.9718,-0.000984,13,0.0465,0.2203,2.8644,-2.1885,-1.533122504,0.3277721464,0.6535373831,-0.3730765069,-1.089102591,-0.7375978732,-1.444139005
P06,task2_2_1,1,282.42,3.3576,-0.001134,21,0.0744,0.2009,4.2185,-1.2454,-0.7817204347,0.2670069174,2.17143066,0.7863233803,-1.110476266,-0.6033308199,-0.1867963858
P06,task2_5_1,1,228.14,3.7837,-0.001574,8,0.0351,0.5138,4.1106,0.5182,0.04817179325,0.08876224565,-0.2951459149,-0.8468097942,-0.7657431252,-0.6140297455,2.164438312
P06,task3_3_1,1,73.21,4.037,0.0004,4,0.0546,0.7201,2.8806,-1.4909,0.541510684,0.8884326595,-1.054092553,-0.03647653966,-0.5384550238,-0.735991547,-0.5140974281
P06,task3_4_2,1,154.28,3.8661,-0.002841,6,0.0389,1.1839,7.1033,-1.6237,0.2086578754,-0.4245013888,-0.6746192342,-0.6888986985,-0.02746994665,-0.3172857751,-0.6911466274
P06,task3_8_2,1,157.61,4.1385,0.001381,10,0.0634,1.8506,18.5056,-1.2485,0.7391968167,1.285837257,0.08432740427,0.3292123137,0.7070573301,0.8133199565,-0.1909293114
P06,task3_8_3,1,96.63,4.7238,-0.006944,5,0.0517,2.1612,10.8061,-0.6924,1.879154388,-2.086632953,-0.8643558938,-0.1569876391,1.049256478,0.04986882552,0.5504642106
P06,task3_10_1,1,112.11,3.5201,-0.003759,12,0.107,2.8076,33.6917,-0.8534,-0.4652278577,-0.7963845904,0.4638007235,2.14103436,1.761418518,2.31911192,0.3358187205
P07,task1_5_2,1,155.55,4.7993,0.001445,6,0.0386,1.5055,9.0329,-0.0779,-2.219951143,1.164754465,-0.03171009961,-0.2225563843,0.764607656,-0.02519326823,0.4437169157
P07,task1_6_2,1,479.68,8.1255,0.001434,34,0.0709,1.729,58.7853,0.9252,-0.6967263375,1.160557533,2.631938268,1.564657453,1.298712497,2.639653662,1.85810571
P07,task2_2_1,1,119.72,9.5341,-0.001712,5,0.0418,1.0646,5.3231,-0.5514,-0.05166156058,-0.0397648658,-0.1268403984,-0.04549495148,-0.2890246678,-0.2238982381,-0.2239264839
P07,task2_5_1,1,102.43,9.0062,-0.002125,2,0.0195,1.1729,2.3459,-1.6497,-0.293412019,-0.1973405654,-0.4122312949,-1.279391811,-0.03021681874,-0.383363556,-1.772548967
P07,task3_3_1,1,66.36,10.0788,-0.00274,2,0.0301,1.1059,2.2118,-0.5229,0.197782415,-0.4319871882,-0.4122312949,-0.6928758151,-0.1903287845,-0.3905462441,-0.1837409783
P07,task3_4_2,1,43.24,10.8367,0.001653,3,0.0694,1.5597,4.6791,-0.0792,0.5448607868,1.244114623,-0.3171009961,1.481659906,0.894131067,-0.2583922811,0.4418838926
P07,task3_8_2,1,42.96,11.4167,-0.005912,1,0.0233,0.9334,0.9334,-0.636,0.8104703073,-1.642229607,-0.5073615938,-1.06913136,-0.602557353,-0.4590201331,-0.3432139846
P07,task3_8_3,1,68.66,11.1847,-0.002919,3,0.0437,0.3094,0.9283,-0.9157,0.7042264991,-0.5002827093,-0.3171009961,0.05963527424,-2.093749392,-0.4592933003,-0.7375959463
P07,task3_10_1,1,21.6,11.8402,-0.003594,1,0.0463,1.2895,1.2895,-0.0257,1.004411052,-0.7578216856,-0.5073615938,0.2034976884,0.2484257963,-0.4399466414,0.5173198417
P08,task1_5_2,2,718,4.18,-0.000313,20,0.0279,1.5942,31.8837,-0.0329,0.1561455061,0.7659805317,0,-0.5239473908,-1.072051629,-0.5477842711,1.438492078
P08,task1_6_2,2,832.25,3.9423,-0.000558,21,0.0252,2.1392,44.9236,-2.0586,-0.3190210391,0.5549626566,0.1474419562,-0.7098148593,-0.143610285,-0.0644870677,-1.200161772
P08,task2_2_1,1,632.48,4.7447,-0.00068,16,0.0253,2.0042,32.068,-1.176,1.284990891,0.4498843677,-0.5897678246,-0.702930879,-0.3735911685,-0.5409535688,-0.05049702042
P08,task2_5_1,1,490.37,4.8777,-0.001105,17,0.0347,2.2904,38.9365,-1.4576,1.550860267,0.08383295174,-0.4423258685,-0.05583672923,0.1139683045,-0.2863866748,-0.4173059873
P08,task3_3_1,1,282.65,4.2846,-0.003358,11,0.0389,2.3366,25.7025,-1.9793,0.3652427742,-1.856670202,-1.326977605,0.2332904441,0.1926728735,-0.7768777974,-1.096866492
P08,task3_4_2,1,307.59,3.813,-0.002697,22,0.0715,2.7589,60.6962,-0.2269,-0.5774940483,-1.287352588,0.2948839123,2.477468027,0.9120871482,0.5200920679,1.185789878
P08,task3_8_2,1,389.43,3.2294,-0.001756,13,0.0334,1.3662,17.7602,-1.5637,-1.744120871,-0.4768716878,-1.032093693,-0.1453284733,-1.460463788,-1.071242891,-0.5555106442
P08,task3_8_3,1,747.87,3.8421,-0.00023,28,0.0374,2.174,60.8721,-1.4531,-0.5193226286,0.83746822,1.179535649,0.1300307393,-0.08432632394,0.5266114413,-0.4114443383
P08,task3_10_1,1,1266.16,4.0032,-0.000124,32,0.0253,3.3478,107.129,-0.287,-0.1972808514,0.9287657496,1.769303474,-0.702930879,1.915314869,2.241028761,1.107504299
P09,task1_5_2,1,252.49,1.0454,-0.000563,9,0.0356,0.1304,1.1737,-0.226,-2.162306694,0.05116957353,-0.1513978948,-0.2224431381,-0.7348260261,-0.5492141023,0.3638300794
P09,task1_6_2,1,387.63,1.5452,0.000197,23,0.0593,0.2388,5.4932,-0.2708,-0.2506166115,1.39732297,1.75621558,1.219718605,0.212697462,2.21098561,-0.1045488734
P09,task2_2_1,2,303.85,1.6776,-0.000158,10,0.0329,0.3025,3.0253,-0.3951,0.2558014897,0.7685276333,-0.01513978948,-0.3867400455,0.769498626,0.6339751065,-1.40409137
P09,task2_5_1,1,454.28,1.7025,-0.000229,21,0.0462,0.1183,2.484,-0.1962,0.3510417519,0.642768566,1.483699369,0.4225743505,-0.8405920243,0.2880794926,0.6753857221
P09,task3_3_1,2,111,1.978,-0.001657,5,0.045,0.4505,2.2526,-0.1506,1.404804493,-1.886582815,-0.6964303162,0.3495535027,2.063165381,0.1402127919,1.152128585
P09,task3_4_2,2,300.84,1.5116,-0.000528,10,0.0332,0.1404,1.4037,-0.1667,-0.3791335918,0.1131634799,-0.01513978948,-0.3684848336,-0.6474161102,-0.4022420144,0.9838048986
P09,task3_8_2,1,193.14,1.5477,-0.000901,7,0.0362,0.1288,0.9014,-0.3982,-0.2410543362,-0.5475144368,-0.4239141055,-0.1859327142,-0.7488116126,-0.7232162743,-1.43650152
P09,task3_8_3,1,83.77,1.8576,-0.001148,5,0.0597,0.286,1.4302,-0.3409,0.944285313,-0.9850142905,-0.6964303162,1.244058888,0.6252722649,-0.3853082738,-0.8374364759
P09,task3_10_1,1,191.7,1.6309,-0.00034,1,0.0052,0.1345,0.1345,-0.2027,0.07717818661,0.44615932,-1.241462738,-2.072304615,-0.6989879606,-1.213272336,0.6074289544
P10,task1_5_2,1,210.73,5.8849,0.000745,16,0.0759,1.626,26.0166,1.0658,-1.421191511,0.6725583126,0.02793993781,0.3733227412,-0.08153529521,-0.1389169415,1.041961137
P10,task1_6_2,1,89.47,6.7738,-0.00057,6,0.0671,1.4325,8.5953,-0.3213,-0.4204129027,0.1554434389,-0.9499578856,-0.05254171914,-0.3539565023,-0.8151584289,-0.3069895365
P10,task2_2_1,1,335.56,8.2363,0.001146,35,0.1043,2.0349,71.2222,1.2635,1.226160069,0.8302488559,1.885945802,1.7477035,0.4941392866,1.615825941,1.234223806
P10,task3_4_2,1,274.28,8.3291,-0.000494,19,0.0693,3.1225,59.3274,0.6129,1.33064005,0.1853299259,0.3213092848,0.05392439596,2.025329493,1.154106251,0.6015172178
P10,task3_8_2,1,345.07,7.369,-6.20E-05,19,0.0551,1.297,24.6437,-0.1684,0.249700077,0.3552110099,0.3213092848,-0.6332659833,-0.5447217404,-0.192208713,-0.1582947359
P10,task3_8_3,1,248.89,6.6941,-0.00106,9,0.0362,1.2384,11.1457,-1.2477,-0.510144093,-0.03724575353,-0.6565885386,-1.547906699,-0.6272224263,-0.7161597153,-1.207910814
P10,task3_10_1,1,86.44,6.7433,-0.006462,6,0.0694,1.0361,6.2167,-1.2442,-0.4547516894,-2.16154579,-0.9499578856,0.05876376482,-0.912032815,-0.9074883928,-1.204507074
P11,task1_5_2,1,292.06,2.4542,-0.001313,12,0.0411,0.4124,4.9485,-0.3685,-1.176982638,0.5229630702,0.03102858014,-0.2820495581,-0.5140721737,-0.04652448532,0.6187682288
P11,task1_6_2,1,96.71,3.4423,-0.003282,7,0.0724,0.9186,6.4305,-0.1464,0.4884570649,-0.8761052522,-0.5895430227,1.466099188,0.9398925382,1.425964297,0.9417682256
P11,task2_2_1,1,128.54,3.8045,-0.003171,5,0.0389,0.844,4.2199,-0.9824,1.098944121,-0.797234463,-0.8377716638,-0.404922633,0.7256180074,-0.7704484576,-0.2740264493
P11,task2_5_1,1,714.17,2.909,-0.00043,23,0.0322,0.1905,4.3824,-1.6786,-0.4104185483,1.150376645,1.396286106,-0.7791269973,-1.151438372,-0.6089913543,-1.286510005
P12,task1_5_2,1,739.65,1.8638,-0.00028,16,0.0216,0.112,1.7915,-0.639,-1.015097698,-1.091089451,-0.8153680433,-1.119067396,-1.11955029,-0.9516574031,-0.5816124222
P12,task1_6_2,1,723.19,2.2191,-0.000134,20,0.0277,0.2485,4.9692,0.3375,0.03091219789,0.2182178902,-0.3003987528,0.3130258452,0.3149173062,-0.09052908312,1.154690024
P12,task2_2_1,1,1039.69,2.5429,-6.10E-05,31,0.0298,0.2951,9.1491,-0.6342,0.9841855003,0.8728715609,1.115766796,0.8060415513,0.8046329837,1.042186486,-0.5730776022
P13,task1_5_2,1,207.62,3.0138,0.00068,13,0.0626,0.4408,5.7299,-0.0205,-1.632319815,0.8194921093,0.8023147166,0.7220557128,-1.198507381,-0.9175088792,1.795564219
P13,task1_6_2,1,313.36,4.1459,-0.000233,18,0.0574,0.2072,3.7287,-1.3935,-1.083416748,0.6563876727,1.752424249,0.4376095229,-1.336029112,-1.09947277,-0.1528351114
P13,task2_2_1,1,231.65,5.0972,-0.000936,8,0.0345,1.2342,9.8738,-1.1008,-0.622175261,0.5307990431,-0.1477948162,-0.8150477364,-0.7314280086,-0.5407148725,0.2625301356
P13,task2_5_1,1,634.68,6.1412,0.0004,15,0.0236,2.7665,41.4973,-0.9198,-0.1159878203,0.7694710334,1.18235853,-1.411290711,0.1706462577,2.334727409,0.5193839439
P13,task3_3_1,1,59.28,5.7303,-0.001467,5,0.0843,3.4193,17.0965,-1.8419,-0.3152142757,0.4359376457,-0.7178605359,1.909071544,0.5549535611,0.1160263791,-0.7891513967
P13,task3_4_2,1,108.76,8.6462,-0.004028,5,0.046,2.6588,13.2938,-1.7474,1.098571125,-0.02157655136,-0.7178605359,-0.1859840472,0.1072426171,-0.2297432025,-0.6550481653
P13,task3_8_2,1,162.59,8.6777,-0.002952,7,0.0431,2.1387,14.9706,-2.0534,1.113844022,0.1706472972,-0.3378167228,-0.3446174993,-0.1989433947,-0.07727615689,-1.0892872
P13,task3_8_3,1,85.41,8.061,-0.014875,3,0.0351,5.4637,16.391,-0.5135,0.8148346401,-1.959357299,-1.097904349,-0.7822270222,1.758504191,0.05187710626,1.095956885
P13,task3_10_1,1,86.19,7.9105,-0.011754,5,0.058,3.9605,19.8026,-1.9814,0.7418641326,-1.401800951,-0.7178605359,0.4704302371,0.8735612704,0.3620849861,-0.9871133098
P14,task1_5_2,1,219.96,3.3858,-0.00147,7,0.0318,0.2388,1.6715,-1.2306,-1.828253507,0.3377221023,-0.4383972995,-0.7825327141,-1.165795577,-0.8219209603,-0.08241250886
P14,task1_6_2,1,222.49,5.0926,-0.001099,12,0.0539,0.3089,3.7065,-0.8436,-0.8955934033,0.5043869115,0.7945951053,0.6789297914,-0.925349525,-0.3566582361,0.5573083923
P14,task2_2_1,2,313.98,5.5449,-0.000785,9,0.0287,0.3444,3.0999,-1.6078,-0.6484395688,0.6454455372,0.05479966244,-0.987534242,-0.8035829792,-0.4953453951,-0.7059337593
P14,task2_5_1,1,390.78,6.8265,7.00E-05,18,0.0461,0.8607,15.4929,0.2256,0.0518751655,1.029538292,2.274185991,0.1631194953,0.9673485026,2.3380703,2.324723347
P14,task3_3_1,1,223.56,6.7053,-0.001896,7,0.0313,0.5544,3.8807,-1.9134,-0.01435310057,0.146349572,-0.4383972995,-0.8155974767,-0.08327383493,-0.3168308324,-1.211098378
P14,task3_4_2,1,180.82,7.6722,-0.002447,8,0.0442,0.5411,4.3286,-1.1685,0.5139976458,-0.1011768698,-0.1917988185,0.03747339758,-0.1288934141,-0.214427307,0.02024037993
P14,task3_8_2,1,292.51,7.5301,-0.000644,8,0.0273,1.1396,9.1172,-1.3166,0.4363488289,0.7087871493,-0.1917988185,-1.080115577,1.923987647,0.8803918973,-0.2245727091
P14,task3_8_3,1,83.56,8.4384,-0.006682,5,0.0598,0.4711,2.3556,-1.4628,0.932678318,-2.003671391,-0.9315942614,1.06909399,-0.3689964621,-0.6655149506,-0.4662450496
P14,task3_10_1,1,71.82,9.3883,-0.005043,5,0.0696,0.7491,3.7454,-1.309,1.451739621,-1.267381303,-0.9315942614,1.717163336,0.5845556431,-0.3477645162,-0.2120097147
P15,task1_5_2,1,353.51,3.4491,8.10E-05,18,0.0509,0.7573,13.6312,-0.0037,-1.966466235,0.5368203628,-0.04256463384,0.5802875134,-1.777841778,-0.9342614106,0.2200868288
P15,task1_6_2,3,512.51,4.6385,0.000288,26,0.0507,1.2474,32.4321,-0.3008,-0.9261059206,0.7918168788,0.7235987753,0.5388384053,-0.984024545,-0.003662271291,-0.2615321019
P15,task2_2_1,1,816.96,5.1246,-1.50E-05,35,0.0428,1.4373,50.3055,-0.4773,-0.5009174652,0.418561109,1.58553261,-1.098401365,-0.6764426382,0.8810278583,-0.5476503829
P15,task2_5_1,1,632.97,5.804,0.000119,29,0.0458,2.3196,67.2688,-0.9375,0.09334922204,0.5836313174,1.010910054,-0.4766647431,0.7526227454,1.720670236,-1.2936653
P15,task3_3_1,2,157.01,6.4027,1.70E-05,8,0.051,1.6318,13.0546,-0.662,0.6170281529,0.4579808602,-1.000268895,0.6010120674,-0.3614100902,-0.9628017179,-0.8470614111
P15,task3_4_2,3,419.62,5.7753,-0.000146,17,0.0405,2.509,42.6536,-0.2062,0.06824552183,0.2571865022,-0.13833506,-1.575066108,1.0593948,0.5022772902,-0.1081791876
P15,task3_8_2,1,465.06,6.243,-0.000432,21,0.0452,2.1934,46.0604,0.2897,0.477339619,-0.09512752476,0.2447466446,-0.6010120674,0.5482160227,0.6709056616,0.6957078125
P15,task3_8_3,1,89.67,7.1968,-0.00235,5,0.0558,2.5208,12.6041,1.1973,1.311622172,-2.457848866,-1.287580174,1.595790662,1.078507314,-0.9851003798,2.166987993
P15,task3_10_1,1,139.53,6.6415,-0.000755,7,0.0502,2.0778,14.5445,-0.1547,0.8259049337,-0.4930206391,-1.096039321,0.435215635,0.360978169,-0.8890552665,-0.02469425012
P16,task1_5_2,4,500.44,9.2812,0.001086,40,0.0799,1.9098,76.394,1.2754,-2.309605816,1.371622616,1.628580005,1.199553968,-0.5423647657,0.7251733848,2.081985139
P16,task1_6_2,1,327.59,11.883,-0.001155,26,0.0794,2.704,70.305,0.1929,-0.2347326433,-0.1604290283,0.4143724273,1.169262201,0.5757141061,0.5423027245,0.8349214559
P16,task2_2_1,2,386.62,12.1563,-0.000604,26,0.0672,2.3189,60.2909,-1.2762,-0.01678244032,0.2162601533,0.4143724273,0.4301430895,0.03356833234,0.2415497143,-0.8575138849
P16,task2_5_1,1,528.23,13.7252,-0.00072,20,0.0379,3.2464,64.9273,-0.0465,1.234377726,0.1369571677,-0.1060022488,-1.344954449,1.339307634,0.3807945048,0.5591274183
P16,task3_3_1,3,457.01,12.5016,-0.000334,32,0.07,3.4276,109.6817,-0.6612,0.2585860379,0.4008446887,0.9347471035,0.5997769839,1.594401932,1.724901366,-0.14902043
P16,task3_4_2,1,347.62,13.3997,-0.000503,20,0.0575,1.8158,36.3163,-0.8046,0.9747992737,0.2853084425,-0.1060022488,-0.1575171877,-0.6746984523,-0.478478358,-0.3142203673
P16,task3_8_2,1,254.31,12.4312,6.70E-05,17,0.0668,2.1309,36.2256,-1.2754,0.2024437244,0.6749869062,-0.3661895869,0.405909676,-0.231099041,-0.481202347,-0.8565922674
P16,task3_8_3,1,98.1,12.2423,-0.00412,4,0.0408,1.2605,5.0421,-1.3849,0.05180049953,-2.187440686,-1.493668052,-1.169262201,-1.456452667,-1.417734985,-0.9827386631
P16,task3_10_1,1,144.9,11.9756,-0.002,6,0.0414,1.8416,11.0498,-0.8061,-0.1608863616,-0.7381102597,-1.320209827,-1.132912081,-0.6383770788,-1.237306004,-0.3159484001
P17,task1_5_2,1,506.77,6.6304,0.001064,44,0.0868,0.7187,31.6238,1.2934,-2.040689396,0.9643435375,1.143147991,0.1551466795,-1.054457905,0.3697452818,1.696154141
P17,task1_6_2,1,416.91,8.8994,0.00059,34,0.0816,1.0491,35.6695,0.4374,-0.7183525058,0.7778317938,0.5414911538,-0.1906087777,0.438938945,0.5761309154,0.9110938516
P17,task2_2_1,1,341.72,9.0587,-0.000607,30,0.0878,0.6684,20.0514,-1.9449,-0.6255150151,0.3068306182,0.3008284188,0.2216381136,-1.281812207,-0.2206042516,-1.273776624
P17,task2_5_1,1,638.14,10.6228,0.000526,53,0.0831,1.2744,67.5453,0.4686,0.2860174351,0.7526487735,1.684639145,-0.09087162656,1.457287342,2.202229534,0.9397081986
P17,task3_3_1,1,198.05,10.4073,-0.003095,14,0.0707,0.8434,11.8073,-1.6022,0.1604274837,-0.6721592939,-0.6618225214,-0.915365409,-0.4908181132,-0.6411652923,-0.95947737
P17,task3_4_2,1,208.73,10.4259,-0.001088,17,0.0814,0.8867,15.0744,-1.2766,0.1712672661,0.1175644817,-0.4813254701,-0.2039070645,-0.2951035745,-0.4744988307,-0.6608609796
P17,task3_8_2,2,263.63,11.0705,0.000603,22,0.0834,1.26,27.7192,-1.2561,0.5469298307,0.7829470948,-0.1804970513,-0.07092419634,1.392199828,0.170557664,-0.6420598863
P17,task3_8_3,1,60.78,11.8326,-0.004576,4,0.0658,1.0596,4.2385,-0.4591,0.9910695151,-1.254910122,-1.263479359,-1.241173436,0.4863985906,-1.027276864,0.08888993902
P17,task3_10_1,1,58.54,12.2406,-0.005898,7,0.1196,0.8076,5.653,-0.6647,1.228845386,-1.775096884,-1.082982308,2.336065717,-0.652632905,-0.9551181572,-0.09967127061
P18,task1_5_2,1,280.02,2.7648,0.000144,22,0.0786,0.5285,11.6271,-0.2317,0.3698770338,0.9308589436,1.429543225,0.7796979352,-0.9594430094,-0.2022218795,0.9444466361
P18,task1_6_2,2,132.5,2.8655,-0.002798,7,0.0528,0.3204,2.2426,-0.6311,0.6049538611,-0.5697366795,-0.6456001663,-0.3399425135,-1.215348222,-1.128491372,-0.4385769017
P18,task2_2_1,1,241.21,2.6489,-0.0006,10,0.0415,0.4643,4.6426,-0.5297,0.09931691181,0.5513745304,-0.230571488,-0.8303276712,-1.038391182,-0.8916064254,-0.08745375011
P18,task2_5_1,1,251.17,3.1949,-0.000596,10,0.0398,1.1319,11.3193,-0.5064,1.373914208,0.5534147692,-0.230571488,-0.9041024295,-0.2174285679,-0.2326023739,-0.006771605816
P18,task3_3_1,1,70.31,2.7786,-0.005356,8,0.1138,1.1433,9.1468,-0.4324,0.4020921303,-1.87446938,-0.5072572735,2.3072694,-0.2034097336,-0.4470326017,0.2494721143
P18,task3_4_2,1,413.94,2.9754,-0.000321,25,0.0604,1.3386,33.4646,-0.1628,0.8615074194,0.6936811854,1.844571904,-0.01012594721,0.03675503347,1.95318438,1.183030316
P18,task3_8_2,1,275.7,2.0645,-0.002589,13,0.0472,2.0596,26.7749,-0.9952,-1.264922392,-0.4631342032,0.1844571904,-0.5829652465,0.9233848185,1.292897202,-1.699365259
P18,task3_8_3,1,111.9,2.1793,0.000441,6,0.0536,2.3489,14.0936,-0.1994,-0.9969301398,1.082346673,-0.783943059,-0.3052249802,1.279143483,0.04122675424,1.056293557
P18,task3_10_1,1,68.91,1.9853,-0.003454,4,0.058,2.4429,9.7717,-0.8513,-1.449809033,-0.9043358395,-1.060628845,-0.1142785471,1.39473738,-0.3853536837,-1.201075107
P19,task1_5_2,1,416.58,5.3122,0.000175,17,0.0408,0.6047,10.2805,-1.0066,-1.793890181,0.7014694702,0.1960784314,-0.4955526395,-1.177829234,-0.8099406585,1.580597322
P19,task1_6_2,1,374.17,6.4673,0.000203,27,0.0722,0.5165,13.9456,-1.7611,-1.0471046,0.7140001505,1.960784314,1.318478137,-1.414672087,-0.2878502041,0.3258719721
P19,task2_2_1,1,406.49,7.2058,0.000368,15,0.0369,1.0522,15.7828,-1.8889,-0.5696557623,0.7878416592,-0.1568627451,-0.7208621945,0.02383943556,-0.0261425883,0.1133419526
P19,task2_5_1,1,448.4,7.7316,-0.000188,18,0.0401,1.0405,18.7293,-1.662,-0.2297199483,0.5390181511,0.3725490196,-0.535992816,-0.007578493908,0.3935838922,0.4906742015
P19,task3_3_1,1,121.54,8.3583,-0.006054,9,0.074,0.7656,6.8906,-3.0754,0.1754488889,-2.086159364,-1.215686275,1.422467162,-0.7457655717,-1.292829101,-1.85979473
P19,task3_4_2,1,606.34,8.8149,-0.000162,18,0.0297,1.5588,28.0579,-2.6562,0.4706460982,0.5506537827,0.3725490196,-1.136818296,1.384208929,1.722435223,-1.162669659
P19,task3_8_2,2,474.29,9.3088,-0.000613,18,0.038,1.4209,25.5761,-1.7852,0.7899581912,0.3488203256,0.3725490196,-0.6573133457,1.013907008,1.368904872,0.2857939324
P19,task3_8_3,2,187.25,9.7379,-0.00363,13,0.0694,0.9976,12.9694,-1.6878,1.067376331,-1.001360473,-0.5098039216,1.156717431,-0.1227775686,-0.4269090842,0.4477690802
P19,task3_10_1,1,184.89,9.8455,-0.002631,8,0.0433,1.4331,11.4647,-2.0903,1.136940982,-0.554283702,-1.392156863,-0.3511234376,1.046667584,-0.6412523509,-0.2215840717
P20,task1_5_2,1,557.05,19.6741,0.000752,56,0.1005,2.9593,165.7234,2.6089,-1.106348187,0.6004107424,0.8185503291,0.2190968489,-0.3116888358,0.2947246074,1.769823907
P20,task1_6_2,1,125.7,21.6152,-0.001723,12,0.0955,2.0517,24.6207,-2.5772,0.316549776,-0.0510651837,-0.8566224374,-0.01072502057,-1.13515707,-0.8124391935,-0.6907306843
P20,task2_2_1,3,479.92,22.9288,0.000419,35,0.0729,4.0105,140.3682,-0.3724,1.279467072,0.5127576178,0.01903605416,-1.04951987,0.6420681142,0.09577476731,0.3553406917
P20,task2_5_1,1,969.62,22.4808,-0.000371,75,0.0773,4.786,358.9486,-3.3606,0.9510665327,0.3048117666,1.541920387,-0.8472766254,1.345681618,1.810868146,-1.062416241
P20,task3_3_1,1,74.49,19.9012,-0.00904,10,0.1342,3.8743,38.7425,-1.8975,-0.9398755024,-1.977064921,-0.9327666541,1.768096249,0.5184934409,-0.7016323431,-0.3682457813